ingestion_id,phase,change_id,order_id,customer_id,order_date,status,amount_cents,source_seq,op,ingested_at
1,1,o5001v1,5001,101,2026-04-01,PLACED,4200,1,U,2026-04-04 10:00:00
2,1,o5002v1,5002,102,2026-04-01,SHIPPED,1500,1,U,2026-04-04 10:00:00
3,1,o5003v1,5003,103,2026-04-02,PLACED,2900,1,U,2026-04-04 10:00:00
4,1,o5004v1,5004,101,2026-04-03,DELIVERED,1200,1,U,2026-04-04 10:00:00
5,2,o5001v2,5001,101,2026-04-01,DELIVERED,4200,2,U,2026-04-05 10:00:00
6,2,o5003v2,5003,103,2026-04-02,SHIPPED,2900,2,U,2026-04-05 10:00:00
7,2,o5005v1,5005,102,2026-04-01,PAID,2000,1,U,2026-04-05 10:00:00
8,2,o5005v1,5005,102,2026-04-01,PAID,2000,1,U,2026-04-05 10:00:00
9,3,o5003v3,5003,103,2026-04-02,SHIPPED,3300,3,U,2026-04-06 10:00:00
10,3,o5002v2,5002,102,2026-04-01,CANCELLED,1500,2,U,2026-04-06 10:00:00
11,3,o5003v1,5003,103,2026-04-02,PLACED,2900,1,U,2026-04-06 10:00:00
12,4,o5004v2,5004,101,2026-04-03,DELIVERED,1200,2,D,2026-04-07 10:00:00
13,4,o5006v1,5006,104,2026-04-04,PAID,2500,1,U,2026-04-07 10:00:00
14,4,o5007v1,5007,101,2026-04-04,PAID,-100,1,U,2026-04-07 10:00:00
15,5,o5007v2,5007,101,2026-04-04,PAID,1000,2,U,2026-04-08 10:00:00
